"t","answer","prob1L","prob2L","prob3L","prob1R","prob2R","prob3R","prize1","prize2","prize3"
1,"Right lottery",0,1,0,0.25,0,0.75,10,20,30
2,"Left lottery",0.180000007,0.660000026,0.159999996,0.119999997,0.839999974,0.039999999,10,20,30
3,"Right lottery",0.219999999,0.119999997,0.660000026,0.129999995,0.479999989,0.389999986,10,20,30
